Actual Price,Predicted Price
546800,541218.8207526878
550000,499731.87973737717
399950,546597.188203983
940000,830993.6078094542
545000,732929.9170351997
318000,350908.09235375375
315000,324857.2057938054
1800000,1350089.2510824353
1250000,1086734.7960748896
825000,1044224.6057333499
645000,892263.7845613733
110000,181640.26785093546
670000,710711.7457866147
185000,-52072.82946763188
595000,464470.6999455914
247200,428652.82936742157
399950,343256.09017410874
429900,346046.9757941142
324950,325643.2440479994
550000,524077.125525333
422500,453745.13713965565
465950,390594.6109411344
787500,891775.0174739137
801000,801805.671492584
438900,565378.3674297631
315500,367086.69204526395
1030000,777729.417705074
245000,240585.3346248865
1270000,934918.6341372505
275000,261269.28418973833
238000,216694.51066220552
610000,585912.1875406876
600000,582667.4041877016
282000,280776.5105544701
465000,616409.3254947364
335000,420534.44440927356
499000,429576.617184259
310000,383957.18714836985
449950,397840.27629036456
375000,395878.6748834476
799000,732589.5721106902
780500,614345.8845176175
159000,278810.8350323066
292000,393826.7637836486
254000,352025.8369724527
1460000,934472.8467590958
210000,130030.59108207375
437000,372803.84443516284
1890000,1132079.0353702605
2400000,1422068.2593416348
756000,584180.778049849
207500,192459.76838631183
455000,511677.2862880379
320000,283319.51593173295
274950,323221.3150503561
270000,569749.7498306185
480000,439431.7172015533
688000,956460.0366500989
500000,373469.2317158058
359000,273634.2584165856
606000,416582.97445387393
434000,581590.047526069
275000,413090.4391128868
542500,576112.7622243464
947500,1538476.7683207765
430000,644698.5881218761
945000,722946.4546356723
294000,270025.44834677875
315000,484765.89053460956
297000,323943.5219717398
585000,665021.3567717075
745000,400364.7321423888
230000,272806.1943599656
687500,833595.064595364
290500,639472.5186808556
363000,838910.1726649851
299950,256031.69761019945
2010000,1495549.9368019775
290000,504575.5933809206
245000,160222.05053406954
535000,557630.3421029523
675000,972518.2916241661
549900,814845.9831307083
827500,568285.6302265227
1050000,1188284.9788531885
290000,221454.600292027
193000,227951.33744294196
355000,482855.7633923292
280500,438132.11368112266
332000,258609.19576138258
277500,471188.4186357707
367500,628082.2590196133
780000,767535.6768423244
935000,1304559.8529300168
559950,591256.1932409704
200000,276269.3456381187
700000,976593.9692797139
150000,125954.91206040233
600000,892189.6169146746
191000,177546.73392154276
525000,532501.9684216753
510000,480850.9599130824
359900,315726.36574846506
226740,212868.7338756621
439950,375527.00522824377
410000,485024.5272490755
355000,450058.82493109256
762300,1076214.676770106
642860,640639.8630053923
668500,569409.9905466288
425000,531225.2107357681
179950,209480.77901941538
252000,90394.37676535547
410000,517178.9060726613
1250000,1320892.1730609238
265000,228959.15629916638
1180000,944782.4944051355
840000,825434.9373520166
1050000,1110725.3467929512
386000,544753.0285656303
665000,732379.6442340314
210000,461913.7583413273
995000,892846.988589175
400000,429766.0784402266
342000,151128.9563286975
332100,407272.89792568237
850000,960449.4427324459
206000,148719.5025057122
732000,745179.7327806056
915000,1163194.1236765236
275000,432178.32314024866
215000,212219.43580011278
590000,514079.7412224859
649950,695231.2775957808
629000,436918.40426335484
3300000,2156836.1345603243
395000,525276.8176105395
1300000,1425662.2789488807
255000,128815.46300192177
414000,729180.556971766
199950,195251.95244921744
690000,648358.4236872345
205000,255111.99236164242
625000,612360.694766067
720000,577724.773194775
460000,587407.4610940516
280000,306023.41882896423
419950,571535.6458659321
597750,523429.49379905313
259000,205341.9464037791
477000,466226.19915771484
279000,398857.4454134181
2720000,1258450.7596247643
1380000,900861.0369812623
785500,950762.1048455015
925000,936197.6517331675
530000,691213.0926024169
1300000,1129383.3175414652
508500,500079.1336670667
740000,1118491.5176564753
246700,271328.99637156725
599995,577964.5270966887
590000,669584.3587457389
575000,570765.7739151493
610000,666410.1880019382
785000,737117.6048194394
380000,408911.14169465005
749000,575898.8294209465
348140,422096.98521876335
919950,736543.4173976704
199000,191070.04831142724
305240,407078.35593581945
205000,190329.3586324826
725000,923581.8461008742
850000,1277933.8645099625
501000,502650.2586756572
659000,630923.9247073233
419500,396126.5645864159
255000,319210.29001454264
358000,234921.24719330668
490000,530825.5841538906
437500,414936.431073986
733000,748798.8273005784
307500,281698.4963886142
475000,396705.44812588394
1700000,1648197.6531195939
649500,761303.3262200654
473000,838464.2558175325
1000000,1057813.2575287893
828500,1130800.3754804507
171000,284488.5213934034
1070000,1090486.2992775142
324000,359259.6858421713
338000,382748.07020593435
776000,698411.2118348703
519000,585992.6532936022
485000,749725.2651027441
420000,418685.792206116
680000,652280.6572004929
490000,475361.18306185305
290000,169097.9678181708
299900,125251.11426660419
250000,192341.12045943737
299000,263444.2049511522
540000,416775.16886253655
440500,359679.68957288563
250275,158273.53086148202
210000,330883.8521425277
560000,543376.4496489614
325000,434043.10790570825
466000,413816.91982916
390000,444075.1203472465
615000,636592.1790014729
423000,557117.6134956852
725000,601646.1955839917
651000,652570.1571683735
592100,552542.8593384176
415900,238465.37696357816
365000,334423.37648653984
333500,410077.65862464905
424500,433415.13678243756
530000,679610.4800511748
479990,399958.6785525456
371000,314868.3409162462
1260000,1316933.0876879096
622500,632426.6525835171
890000,772942.1231432855
353000,415771.70316988975
514000,452114.6643914208
82000,98016.38655487448
325000,239065.14111555368
350500,227246.20888432115
241450,389844.04618671536
365000,405906.46535680443
661000,638381.4284801483
285000,291972.30104821175
464000,476679.36072876304
538500,584658.8738991544
445000,571811.0496097356
222000,211362.05350812525
274700,428050.1620299518
550000,654181.2343293428
357000,303787.16097818315
642000,674647.9834383279
597157,735964.4797489941
531500,661581.7074904591
539000,826014.8712951317
500000,563949.7471256778
170000,65857.35071776062
250000,288756.8749175221
663000,554318.3341810629
251750,267561.5996669084
551000,560461.7899629176
953007,825588.2447332442
530000,573579.270892404
339950,249629.0492639616
499950,523394.3628434688
574950,712877.8833056316
660000,603272.8010164946
260000,251982.58384296298
415885,302912.25888833404
490000,375197.519306317
309600,67017.32118611038
155000,148838.08879987895
350000,379381.33913618326
124000,150546.34186606854
671000,717732.9560650438
711000,389659.284877263
280000,212356.55918174237
755000,1001905.0725615695
325000,486027.0274024084
653000,603892.5193284154
187000,266926.82671973854
417400,689465.4831876457
205000,173791.68170193583
570000,464535.3247332871
250250,504548.6095566973
357000,428656.36841505766
477000,564540.0572577193
413565,346825.1027835235
907500,814165.443745546
725000,659873.6778867468
255000,217273.83037479222
341000,446889.17704037577
364000,518450.0265786797
465000,335757.76096494496
370000,289405.58526616544
1150000,969550.9009376392
619850,609160.8076041266
335000,345140.4288964793
357000,590905.7067002282
676000,635544.224100478
215000,130676.74568708986
487500,597403.5394749641
637500,510714.7730104923
339000,440715.3018327132
2400000,1695733.050091952
210000,351694.25212914497
445000,316132.6851534918
482000,599960.9626748413
402000,490549.34942805767
362000,315394.4542937428
1430000,889129.3112151772
343500,287582.40283314884
440000,551652.6739747077
190000,174980.95274087787
437000,432727.20446483046
4490000,1736817.8676884398
239999,291150.16882385314
472217,394206.7952765897
274900,260232.63650452346
390000,456064.14139299095
456000,329748.3233402595
599000,506281.60012859106
665000,663542.2576841414
325000,336067.1016873345
489000,416071.1687833443
295000,172378.254202649
390000,211762.96049379557
360000,318434.1390142068
706000,619311.1619810909
450000,746981.5043288469
2100000,1677121.4401071668
395000,532153.5142968744
610000,607979.1421956122
1070000,964115.526978597
600000,610261.637700215
220000,106523.82671590894
708000,684203.74770163
334950,349537.14873539656
661000,530890.937795043
359000,513682.5152337104
566000,662122.5890665352
465000,506019.0964722112
790000,864686.254592821
579000,602488.0117407292
192500,28021.658752419055
1100000,1170770.671108231
263500,269042.4753899649
765000,934948.3087353632
529000,409388.9793129638
545000,463526.7782082036
320000,276957.16921813786
240000,130923.87591610104
249900,116819.23622670025
1330000,1767489.2087769285
280000,255418.45017932355
924000,742679.6982991844
930000,798555.7861761302
560000,450217.45678503066
333000,312586.95681893826
420000,690806.9272676855
204700,241618.4365369007
560000,680688.226744175
195000,108914.14874011278
495000,400842.48704755306
481500,543277.9157476798
730000,1049360.2249161825
250000,148277.39970116317
305000,295829.68488837034
430000,625428.1916266754
440000,460348.173106581
215000,401067.4047585726
345000,387939.4863201082
635000,561772.2515880316
980000,1190201.3070140406
480000,360362.0583876446
260000,403006.8369708434
640000,702279.6617496982
244000,427456.97414097935
828000,965484.4666580558
185000,135260.08515492827
264950,206196.52191364765
1020000,1122206.6764618233
730000,997405.6228731424
450000,577506.8471876755
459950,576537.0876164064
405000,536496.0698161423
588500,575942.9480235502
455000,322706.63179165125
500000,382430.9445935786
304400,322588.7979353145
440000,372108.65414619446
340000,351363.20491825044
220000,250255.24990125746
410000,285534.61296994984
375000,657122.2509183064
800000,939960.1190990582
527000,556745.8106759414
379400,551729.5734166875
720001,601487.1803183332
309000,243818.89478129894
872500,659710.8988432065
496000,350691.85246127844
185000,290387.40588066727
1480000,1245185.3123819157
501000,546247.7909952253
439000,585814.458606571
822500,724878.6604586393
462500,536454.3643379211
1280000,1088231.9467345178
336500,434663.4213453531
329445,170009.2917793095
202000,176262.12633300573
982000,731650.3499210328
249900,97871.34196771681
340000,534209.0383596793
424950,554714.0391468778
909000,998809.2443855479
800000,668449.4173477218
550000,645968.1410437077
500000,635415.2903166786
349000,320704.10389938205
550000,899406.8229095861
405500,434161.6466191411
640000,445308.63561458886
335500,372895.6230539754
915000,831490.2619127706
405000,440497.350432992
303500,355104.4290446639
306000,333980.32764134556
260000,338384.53324801475
264000,290435.12209863216
285000,177069.92379453033
570000,653219.9829532206
290000,390736.2126614377
817000,651311.3104491085
399000,292636.06367252767
450000,697860.7761678323
315000,13102.39972293377
499100,464819.22887127846
245000,244497.40865645558
240000,389637.08905114233
376000,610940.8073369265
1250000,1049694.777721651
445000,564757.977297768
382000,567532.9264003783
272000,402289.330308035
5110000,2801698.098798953
713400,587266.9390038699
790000,649412.7490736619
415000,408427.17522117496
580000,559876.8832032382
810000,807790.0622524023
755000,772322.9467897862
300499,347738.1589894295
365000,430156.4487654343
405000,202013.2076471597
206000,78018.65948160738
297950,315186.67775949836
345000,282742.4348040968
560000,446233.7481034845
390000,459677.5723032877
275000,151022.24924892932
460000,484635.69890830666
245000,274758.64016993344
326000,435793.34881715477
370000,483196.6468212381
601000,471822.735952653
150000,218540.24957548082
480000,408665.8586715907
182000,14443.320767961442
436500,410532.42647081614
813000,996046.4493330419
371000,386999.932367526
651000,630972.1172596216
613000,672936.2788156271
460000,475557.4090592116
405000,231497.25472600758
480000,421545.2687779963
585000,652645.019562915
495000,513106.4922760129
257000,232057.42619667947
822000,599518.2231957689
700000,740130.3486713693
500000,329237.08104372025
1800000,990108.083803311
756000,710037.7988626063
1050000,876426.0906451792
86500,-18207.479238189757
258000,178162.60154646635
467500,721483.8262473494
367500,575016.0114286542
255000,230678.8889657706
210000,134953.7570636943
299000,359798.7134190053
505000,494688.8020547852
485000,486494.95425415784
292500,284730.93571395427
529950,382596.4705334753
605000,776048.4000527784
666500,735640.8355011344
250000,178534.68505768478
1010000,781261.0133041888
399000,595841.5835359395
1030000,900778.3600445539
246000,279952.01979391277
716500,804783.611433439
400000,405992.77418883145
705000,634433.4437052906
235000,187216.77197048068
533000,536677.5243265629
385195,27662.772055901587
307700,328484.75057492405
700000,1004823.0286235958
446450,389809.5039681867
450000,447841.2586334422
335000,402713.7228112817
199950,264838.7196848467
275000,236784.1994907409
437000,368167.59318621457
695000,565610.0654887632
3640000,1630223.8798342198
365000,414271.4020445049
335000,371090.50455405563
268000,133682.2821117416
399950,413797.5634208545
310000,510280.0261444226
328000,175978.5128371194
529000,609683.4048506021
843500,755431.3362701237
561750,488398.6614213586
499000,344315.1593703106
385000,525480.0034621432
289950,307242.11949777603
240000,137749.54889502376
1770000,1037241.2774700671
750000,984152.7452016994
630000,166148.46906645596
172500,117998.54734159261
533600,520262.4508570507
330000,184586.6701649949
665000,865454.2548401952
1430000,1666361.666616924
760750,848981.8545686752
427500,499367.76463047415
355000,-12220.812850430608
1030000,1415742.4982007742
442500,393667.91020885855
875000,543887.9991466254
242000,106518.42595651001
988830,987190.8191045821
330000,365800.93431295455
449000,523049.2426151037
379000,428191.0511927232
230000,207100.4931262359
238000,160583.48787248135
295950,454194.56790653616
1100000,1098367.1655349135
457000,692358.6730423942
492000,400879.88842239976
521000,644543.376885049
465000,644708.3161876872
385000,539505.138902396
515000,601263.1208436862
1450000,1246162.294616267
343500,485470.7407448739
314950,196052.97313099355
335000,301053.3778172657
400000,464394.8390426338
605004,646400.1412825957
259900,350491.1144427955
248000,167555.66619589925
975000,1103821.017088838
672600,696317.1334942356
299900,309793.1414599791
235000,196331.57324761152
523500,461444.4053263366
332000,318100.66892164946
353000,310560.5367449969
417500,401670.7792704329
440000,498811.82948759943
431750,580386.6863022819
339950,447758.4753128886
247000,-87186.25439246744
410000,383474.37643110007
245000,441256.8641949594
314000,433065.82721798867
495000,614652.6257890314
631500,774998.4694352373
389100,295698.1101432219
660000,521733.0026514828
519000,632808.3410893232
460000,536372.8959585503
381500,518166.3127563
1380000,936104.3140861541
247500,223795.185720101
568450,686632.1995374635
229500,293471.75042083114
705000,681048.6276729256
299950,369365.7269596681
625000,771596.1938420087
580000,742726.9758739099
400000,336488.91007731855
734200,773002.499101907
811500,903678.6158322468
1240000,1451493.3937272727
309780,326616.43749688566
305000,277911.14618784934
320000,432847.5356980711
290000,252546.5591411963
875000,708234.9502245337
345000,483275.97848053277
510000,812102.1134108752
315275,443341.34184546024
1030000,925446.3638938367
930000,994180.0057307631
295000,178384.08293717355
229950,368023.1099977717
375000,469685.9044415876
1180000,922940.8290499002
651000,645387.9215365723
195000,206531.03261628747
490000,615296.2144669294
1010000,672239.93778608
735000,818233.0684294626
275000,305902.78740777075
559950,520021.84990566224
277000,147150.72103063017
531000,743544.4433604851
1030000,909300.102463156
616200,792358.3998498693
855000,1088548.2703527808
228000,349611.0033790618
1410000,963161.0833662003
725000,668268.1858019903
314500,283289.0721077025
528000,421159.8964842409
1900000,1984395.955374889
489000,485542.9988160655
482000,395512.0283193141
1050000,1056083.443558693
185000,125480.26345442235
305495,437734.20868299156
545000,370307.4426217675
251000,269195.451472722
650000,826972.2947277054
535000,617200.5235446543
1050000,1156958.5961630866
660000,573317.731993638
328500,551834.4315495342
415000,416000.0397121757
285167,383198.1895631626
453000,652488.665205948
515000,452412.2474037409
550000,453225.7600637004
369950,341463.17962636054
279000,132320.77690192312
260000,189053.6709566787
129000,159051.97642756999
397000,296549.15757086873
450000,432676.89472778887
500000,633521.4861718193
772000,838956.673909843
1640000,2218714.2694174796
595000,512953.7721538022
340000,491028.47717734426
1170000,686911.1200635135
745000,428349.95950051397
650000,768071.1798189059
279000,283186.29263379425
553000,419769.47731254995
380000,182493.31371896714
455000,356055.8867619708
760000,710194.1265764609
565000,599192.4841847047
445000,421822.56552337855
414500,372196.35845629126
792000,640828.8224776313
475000,311558.6145999953
400000,463540.65934655815
290000,144760.61616345495
799950,884925.8073583543
561600,671924.3538576365
640000,473194.12337589264
435000,387043.9544749111
545000,723969.8248847127
518000,660479.2401830778
190000,181264.11038516462
335000,499284.457153216
432000,428210.4027160257
470950,687084.9953992292
349900,491102.5918614492
255000,194888.04929551482
206000,233354.60797367245
675000,304552.6278840527
260000,151767.70853147656
250000,381377.8803060651
539900,506204.0305821374
452500,387890.44745691866
795127,1115186.4928581566
567500,484843.3017984405
357000,508048.60675498843
270000,208683.8150595948
405300,498984.0353488773
1320000,1167874.924214825
458000,582459.7758742347
206000,110468.5485022366
783200,650667.0174209028
430000,454814.3967942223
187000,11470.281712785363
630000,567496.3810251057
505000,462193.73853675276
550000,669100.9791353866
280000,220650.79322071373
529000,391227.5491612926
225000,140455.2970276922
213000,225783.3311177492
250000,260777.46905100346
295000,196554.41043507308
267500,402218.4566830024
530000,827271.5706656575
770000,840891.0431502834
249000,122236.11306910217
395000,515115.4213909283
790000,664186.0543672144
121800,72151.45286881924
349950,430523.49030415714
800000,598659.2442905828
780000,997329.5317552313
685000,517895.1505659893
528000,911916.3745800182
925000,1084714.679693684
203000,384982.3709773123
554000,482612.72789137065
759000,444699.9263256639
421000,584570.2626789287
290000,218911.06322265416
247000,284526.24387937784
360000,394953.9429895207
890000,820507.8894138262
409950,460291.4434798509
275000,304042.21472522616
1860000,1405994.5142240375
513000,523943.4933091998
353000,330369.29964631796
519950,533272.6251106262
560200,480915.9126240909
263500,150250.18954089284
455000,357549.5627246052
290000,461088.31696246564
819000,990464.2120439261
359950,374431.93556179106
481500,459212.9331097156
340000,392508.5184119418
160000,222743.32061817497
302000,249289.40685158968
319000,298232.51271383464
515000,448504.88370332867
575000,798860.4098798707
182500,102368.2387092635
386000,400166.1918182373
725000,765295.7444278896
200000,373931.8805966303
195000,184961.90984710306
650000,845856.9872040972
435000,238052.51417897642
397000,432821.3756640181
371500,361259.4196472913
749000,803735.8735494539
488000,634423.3366528153
204000,111762.449463889
1050000,921742.020735912
325000,329460.9896999523
575000,726281.4232514426
215000,269239.56435637176
350000,529430.6887985691
375000,378554.86892013997
160000,191826.86813052
750000,942066.8134744987
582000,586939.1212968975
506500,500759.3830273673
365000,477278.0874507651
425000,385999.70311291516
305500,295624.6860495806
435000,391071.26892184466
1000000,1071053.1229014024
370000,639457.9073238894
631625,676810.9977734983
820000,1002003.186477989
396500,268684.7186123058
505000,431991.27227508277
351999,406893.96045771986
335000,553047.9658462629
240000,208285.0959942937
555000,646620.6080923155
465000,341466.5784480572
276000,524132.10736156255
675000,633793.5803497136
530000,483083.48683844507
840000,711398.307071574
778000,584981.0896213651
1180000,1439367.6455022246
390000,334175.4268485606
312900,147457.37330114841
755000,1048739.7858161628
515000,597530.6099371016
285000,234876.6435366571
440000,587775.6919377595
410000,404776.87248556316
299950,372944.20375943184
567000,522469.54881581664
273500,170395.95008474588
296500,326517.60160189867
574500,686270.3642794713
406500,529790.0112964809
430000,506676.36519601196
1570000,868833.9289011061
698000,681449.9950319454
680000,527767.8272135407
575000,443317.27971214056
230000,151526.8126141429
390000,416824.62290699035
862500,992597.5683022887
300000,424355.3189255968
415000,417208.28992429376
680000,530736.110438481
610000,470335.3897123262
180000,128465.28016073257
3400000,2073031.3711847216
395000,455089.95776649565
998000,812264.4051099718
825000,1181603.515760325
998000,952282.5339459851
535000,602280.2727153003
405000,498864.19974742085
349950,425939.0732373521
210000,452064.25904966146
599000,553704.4648167267
676500,598108.9353063032
708000,718671.3273524791
425000,277345.48390812427
306950,213137.96465014666
151000,47435.06561226398
1160000,1313768.6163896546
544000,611576.5149240494
1000000,693188.1500695348
470000,293871.23795710504
1000000,679906.2730609998
510000,659812.686885491
240000,222017.78031174093
502700,836495.2210298702
304000,458801.93924149126
700000,654301.5068631619
975000,1324351.8353652507
435000,359771.63315583766
507000,556615.143601425
336750,189482.21276635677
340000,534672.0936399177
560000,439928.23446971923
282150,340139.17743092775
440000,624455.38045118
210000,20354.81259288639
750000,1053336.7475990877
411715,474263.05609007925
257500,286874.25239157677
179950,82009.11252263933
400000,587831.2441956997
130000,407676.23462568223
566000,539210.5076700002
269000,248316.49131788313
389900,229974.3254050985
1270000,1020745.1896987259
293000,383870.88201646507
405000,457782.4214920625
600000,381709.83439822495
498000,551662.5997643694
415000,368779.43407616764
613000,550298.8903487101
265000,169164.15537834167
220000,347960.6234513074
500000,478645.13679642975
360000,336420.72414542735
405000,391179.2003360763
860000,754905.1219096631
123300,203501.72936603427
492000,566687.677584149
680000,742126.1104140878
264950,139138.59923819453
355000,192783.9641602561
510000,417832.6827787906
677500,583985.2374049053
275000,311972.0826449096
289500,154874.53727326542
675000,590756.1209435686
850000,806828.2730093449
259000,626887.6357008964
376950,433995.00718108565
205000,31668.388937562704
230000,213916.6489487961
395000,312007.47996738553
681000,502069.4161465466
778983,596506.8635878712
336500,259475.2371455431
340000,256635.0810193196
525000,769615.2980959937
237000,282435.3891722262
1090000,700919.552151531
475000,496725.95419739187
385000,605365.2308201119
229900,228458.49341217428
212000,193681.60750696063
722500,1176205.8808458522
285000,184418.10088643432
1440000,1386693.0019075796
715000,720828.5305983722
988000,1290633.5688516423
720500,901192.1254306734
664950,526770.0699358732
340895,449348.7369441092
390000,313239.42607828975
545000,588948.7854023501
795000,773694.2740352377
195500,60107.74971138686
700000,700949.1208420768
346500,367021.82936308533
736000,652323.8233562857
370000,337175.44306224585
270000,368772.2863485962
1150000,695200.079650484
442500,561783.7954397574
697000,683720.8171302155
299000,271047.50836802274
315000,225059.49414615333
403504,329670.1653472334
779000,787928.0726989284
247200,156826.9440030679
460000,817047.1061337441
710000,735348.9193433449
390000,461802.64729978144
732350,695124.687012665
398000,312845.7007618919
665000,950872.7190815061
555000,809675.1107869074
641200,298434.599621281
574000,619915.1259247139
326995,251120.35943484306
700000,730876.0014372244
525000,573160.0327581614
590000,665867.0280416682
404000,758701.61225871
650000,738589.1914740205
960000,1025051.7784625143
520000,342950.74355796725
147000,201644.75856719166
180000,-36745.00980819017
475000,361731.26880025864
840000,993977.0255082846
412500,409160.15999388695
432000,361507.43305259943
1510000,1101109.5963659734
229000,210325.63853999227
572000,551204.726666227
353000,433418.65319523215
460000,706589.8900125697
400000,491343.7382714674
920000,1011713.1772025675
550000,398048.96529714763
305000,359463.4805531278
315000,149024.62394105643
455000,686596.9455170706
262000,215808.85941486806
480000,318829.89297071844
272000,273553.64251612127
632925,866067.2504986748
830005,1201317.094424501
287000,279402.84289619327
549000,407372.66759838164
232500,287405.57099279016
303000,167414.71497469395
765000,602537.8974978849
218000,210470.03220057487
733500,743552.6725207865
779380,586647.3853579611
607000,605532.8001600429
730000,815230.6084669381
645000,672264.5011045411
625000,659148.90906474
375000,170961.15059776604
182568,193346.14776661247
680000,610355.6819569767
347000,523980.00357412547
525000,721677.8804823756
675000,845530.9869828448
490000,521220.4549195394
915000,955384.2717802003
244000,281030.4796435386
474000,381261.48627191037
257500,460668.8830475956
276000,430723.5677903965
242050,311819.1674006954
349950,330474.30227244645
500000,508302.41948915273
291500,320168.15462770313
395000,641974.0763776675
796000,577263.0613627955
503045,584247.0200847536
597000,705322.3422023207
510000,821666.7340070233
279950,268292.33331915736
257000,341758.8734029308
611000,554413.3200080171
475000,307881.9018122554
963000,924181.243846722
625000,454521.10670819134
410000,555493.8332733437
401500,634933.125058189
449000,436490.65381283313
355000,329017.111181587
575000,669394.5712085813
660000,815495.9003108516
505000,440795.36443541944
311000,275797.36485539377
450000,498323.4134965539
360000,532600.4108427018
160000,294743.78537674993
434900,312374.42058301717
759900,705827.1652904749
360000,362568.89824374765
340000,322061.8224257976
530000,309889.01727000624
449500,496960.05833330005
612500,553185.3975539729
1580000,1495673.5310567245
435000,-16090.077189810574
295450,527068.0247975811
431000,618652.6262432337
317750,239393.73504905403
381000,404691.60966061056
257950,176246.1000392586
571500,517900.28652056307
365000,228548.83553308994
846000,792224.4595738277
205000,-108040.07548771799
735000,751435.3411260992
235000,255060.00794656575
461000,403744.64821504056
1350000,1347039.6609864235
920000,950497.4684019387
359000,385378.3173797652
655275,453884.6126484573
1370000,1524892.3078430593
321000,183653.50627307594
184900,25098.596597529948
385000,466265.46519351006
575000,712063.950375326
400000,543022.669224754
311000,384819.60127046704
300000,372813.8384953141
751000,919814.7002751976
997950,953809.1598078758
475000,844919.0318547264
350000,420996.58220535517
266000,326877.81132249534
770000,830547.2590116039
380000,699088.8874316365
2370000,1742418.8206001893
700000,758214.50014963
306888,198865.49339499325
480000,359161.9830520153
930000,1383711.8063359484
345000,308459.91547904164
299950,233242.45959759504
1400000,1217360.6783171445
440000,633448.5067424774
675000,694632.577458933
341500,276211.6303811446
538000,527206.4310879856
241500,167828.0188799575
268000,224257.88158328086
790000,791473.4363683164
1460000,1394153.8708017096
400000,565783.1514673159
654000,441905.7817778066
465000,606456.6676843613
230000,189483.7431422919
762500,842643.8464964852
672000,692238.9841079786
345000,292613.7570880875
825000,796592.4717711583
470000,447803.0929617137
595000,642016.2944457904
256950,368325.6519761458
500000,585462.442640245
286000,53653.79110522568
295000,317872.0602487996
233500,246350.48441449553
1470000,741147.2123834044
766950,1020859.883389309
254000,343629.80615229905
330000,155859.6609896943
630000,1256996.3786956593
1010000,758079.8360269591
1150000,948530.0606872514
419500,348015.99824718386
1530000,1564174.7645160258
175000,339923.23172810674
355500,462689.4460531771
250000,200837.96332136542
555565,544778.6718260124
1400000,983736.0205620602
361000,366415.3053959012
485000,504489.76985168457
330000,521580.6201372072
379000,432956.61365027726
214100,144370.31895254552
554000,519032.8494026363
450000,446121.1976137012
1570000,1559393.5402573496
445838,511411.74571029097
476100,279008.5229348019
379000,359291.5238029957
218000,147154.76203258336
315000,399253.37620226294
427500,616736.9790868685
760369,651144.677379474
315000,255469.8078001216
630000,505430.0544915721
359900,510646.33675246686
615000,814278.4540440291
575000,533038.7638623118
289950,338671.5741545409
400000,348173.4463191852
545500,490031.5432802662
2450000,1433668.8932943717
245000,209484.92092564702
354000,645091.1225965694
437500,414944.9389716089
387000,367764.4516549483
922000,1007050.2587251589
925000,700058.9293085337
575000,805059.652183719
493000,539752.578260608
270000,298706.8410085887
425000,344661.17484872043
320000,568276.9993384853
400000,701596.6298975646
287000,356362.2330509424
482975,657498.0448693112
400000,304840.9684763625
427550,373082.82266896963
560000,657851.6107127592
441000,491995.21356036514
362500,568227.3044726774
550000,855310.5872177333
1260000,1037505.3627765924
210000,200462.58903520554
115000,19913.926191061735
740000,690449.7204615399
395000,369209.96361894906
180000,187626.31367558986
496600,490078.6335743889
1260000,867465.7451474145
775000,776414.799724929
312000,257450.4443422407
260000,259830.0207817629
400000,569733.9513999
266000,392663.2258878276
1010000,1044251.6875119433
430000,339035.9380488917
344900,518076.1810007468
470000,623502.3815168887
420000,342893.2704041898
569500,770252.1725107804
600000,1008227.7747923806
550000,518745.1710649356
998000,955666.049630411
305000,311181.44657268375
440000,355415.66342799366
455000,430907.321759291
247000,410740.15305184573
325000,314484.20737532526
695000,694024.0481759161
236000,197459.43224351853
780000,828813.0297176763
419900,565363.9300458655
971971,1026561.0272104368
572650,605795.2266448289
261490,328425.49774023145
680000,604327.2795144096
359950,497402.2325557694
295000,359539.9520256072
430000,642496.5312642604
585000,450850.5322174877
372500,238216.20915074646
230000,170021.80506084114
508000,549737.7507704869
400000,324225.8138804063
152000,78834.75002393872
347500,426706.0881385803
229900,92393.81535112113
272000,216949.38381493837
229000,583841.276666224
825000,801931.4288968369
485000,488043.3905986622
361000,296775.81216679513
295000,166151.41897034645
815000,847979.0883690491
1560000,767691.9172260836
255000,353459.4465889782
264000,313176.29420785606
541800,688696.4987339601
485000,752616.1352827922
325000,34930.06153730303
295000,441930.0935740918
3100000,1543434.4921220466
415000,321481.9182630554
235000,274744.8415899947
100000,130393.02652791142
685000,658421.5680206493
481000,652342.6626741067
489000,628793.5254596174
670000,699506.1732584462
511100,361428.3741413355
267500,218425.9759515971
450000,469092.1517025009
375000,353100.8109952584
311000,348811.13653538376
615000,504397.7274790108
715000,870045.5197248459
320000,407406.4218386635
244000,338917.91762844473
326989,350571.7064859867
233703,243141.33236975968
224000,-44837.30631184578
329950,265237.63958771527
915000,939078.4682849273
375000,305354.1244461909
670000,548222.0997339934
860000,1062564.080182001
550000,476224.3352004513
555000,817235.6089389324
798000,896768.1488151625
2600000,2192463.3745429665
424950,546911.8288003877
359950,182251.30311819166
150000,187557.31802463531
423500,557788.1464543268
315000,194614.87946116924
290000,320450.0591527596
491500,297575.5128679946
350000,547846.5683466718
172000,148599.3563997373
505000,574602.6433344558
195000,192612.03104376048
310000,363646.0619273186
436000,497906.07846692204
449000,590186.4257147461
740000,1012050.4533190131
325000,246073.61684142053
788000,672483.4081804678
808900,664687.3329705745
470000,674860.5110312477
675000,787136.7662915513
715000,983197.1840287
689000,920893.6317709237
890000,1078944.1932636201
1250000,864184.8351300657
571000,838889.8369476944
710000,582827.5050903186
430000,497258.27223405987
398000,-196438.69318529963
595000,585648.6430574432
583000,640222.0421673208
240000,211910.6659616083
650000,752066.1775100827
450000,348570.05661248416
396000,446277.2468387708
3100000,1992132.0224965736
200000,233042.47187441587
460000,384913.3773059845
665000,792288.2312174812
250000,130007.9718825221
440000,473108.83371000737
192500,221388.4026183784
265000,252448.0894454792
371000,417240.7258706093
1040000,1133182.2027578056
450000,399785.59685298055
276900,396536.3393113166
880000,643308.244746983
440000,572010.7789011672
565000,643369.1910602078
734000,842676.0178421587
589000,574701.9900466055
592500,614516.5585642383
399950,505302.53613019735
732500,765215.2138009518
785000,810604.7037278637
783500,888117.9600804448
310000,409023.0385792777
420000,432653.1414671168
325000,292990.9778774157
550000,519646.8009036854
525000,289666.54150515795
1070000,1123233.0410940573
685000,842794.8154799193
575000,625330.7336720675
607500,743470.3969439566
375000,309918.9501869008
247500,382911.3775615245
338000,419612.2117519602
218500,217387.61843883246
350000,475219.0519934818
650000,752828.9616255537
419000,419722.6282854527
420000,373561.1491259262
470000,488527.32438476384
440000,422381.6280731559
305000,210934.92343430966
290000,419568.65461702645
539500,658010.9711098
459950,555591.1705187708
588000,708867.1921996176
1200000,1307798.7085722834
485000,366348.5249501094
212000,180677.4509697929
745000,643662.4603857398
325000,438862.0430261269
515000,749487.5706854016
675000,790467.1866553128
226500,154401.49621690065
640000,578335.5614127293
357500,436310.78934762627
543500,518464.18497528136
225000,160907.9858996123
227000,282567.935702309
435000,399203.75306384265
452000,320822.09534882754
710000,839329.5853831768
354000,370715.25835665315
799000,655516.3164663538
290000,696815.4196889326
375000,383268.1741024852
740000,690719.8156595305
225000,425709.2940862775
250000,234483.06126850098
1080000,1293356.0956311896
304000,184983.18121843785
269900,314289.4296650961
310000,123811.11500837654
425000,470572.0154149309
359950,374510.8215611726
367500,561804.8375315815
340000,635932.6097780541
330000,-122504.32799471915
224000,198149.90281940997
206135,164462.7136520967
589950,630580.5810262635
592500,520470.36566688865
660000,420161.26327480376
759990,611401.6057823673
599950,1004414.1626619697
294900,307542.1940282881
905000,1007916.3931286335
386000,459331.47709784657
500000,608050.4594166875
325000,340193.67309781164
239950,194596.5541287586
563000,750474.214308992
350000,510282.5666449368
580000,515749.6641330272
405000,246226.97028391808
204995,274291.9947081283
427500,567183.4336642474
230000,196052.52739544213
375000,494313.1171647608
367400,291587.11555277556
1050000,1246856.6060145795
1200000,1445486.0051824972
362000,332658.87597513944
239000,191287.56404647976
1480000,1166926.4409607723
1580000,1167064.2125160173
1300000,793705.4924082533
635000,454504.65605857223
1750000,1025725.8566673696
323000,211625.61138101667
435000,640086.5486444607
537000,415113.5822514966
526000,605777.1992034093
637850,795412.7473833635
272750,315875.7035735771
650000,559137.1342253089
685000,1001802.7425639331
207000,270801.6487134993
321950,152620.74073647708
820000,834141.5538841039
170000,359422.5399778038
225000,28945.21015331894
285000,346605.6187300533
475000,533194.2402057722
375000,572638.8785480931
320000,310110.66453231126
129000,-55025.56515711546
300000,475662.67316935956
375000,329168.8362444788
237000,199071.5020190552
632500,853926.474617824
395000,418846.5605791062
1390000,980020.429540649
320000,518450.59079741687
291750,365127.2134984061
331000,213818.1269024983
455000,511316.7244544029
688000,1068102.474581942
505000,303994.6007274166
700000,481655.42065632343
770000,807348.2181106135
437500,382295.40920547396
292000,339880.52650384605
175000,-2021.8879783079028
565000,423029.2025895268
898500,946121.1758209094
340000,406759.8270880729
352000,449764.42811474204
600000,358256.8983054906
485000,530403.1697727665
420000,447316.84874910116
555000,444212.97335763276
490000,635231.434342742
695500,679963.979154773
365000,414877.7082523927
267500,182743.81347136945
407000,398813.84828098863
458000,575337.0857978836
439950,489450.667004697
450000,444269.474915117
325000,360783.43925495446
2300000,1394137.6263209507
465000,584141.533408232
210000,221302.21889654547
349900,490505.48047074676
483500,480039.18589092046
235000,234565.75160401314
500000,416967.34040986747
268000,359026.83686772734
356000,92297.58793956786
999000,1395886.5071719587
433000,411042.25094230473
455000,543322.0759749562
450000,524645.9630022794
780000,424317.6230399534
185000,190584.52704122663
813000,586611.6861604378
865000,929967.1218383834
465000,447598.50129716843
950000,1028790.9517553225
187250,229181.8757949993
1250000,1139778.5845763385
225000,38298.34834396094
300000,335779.98084907234
535000,463408.62501771003
360000,393496.862709254
494950,718181.060979791
490000,742081.6367212534
605000,595660.5604312494
219000,170826.00324466825
290000,268429.315308623
429000,331891.3492644951
229000,447711.39860697836
252500,356847.6548103988
240000,320693.59012479335
277500,162620.69286577404
485000,519762.4616091326
355000,276027.3740237132
895000,650465.6840427518
508450,357669.92693540454
238000,206814.75210947543
255000,205730.03660671413
2250000,1547878.548099175
539000,516896.5997980982
377000,232559.80740821362
703770,680196.4238588288
572000,567118.2233870253
570000,422251.5559079051
608000,532303.1220231652
442000,313062.25457951427
650000,582879.1813690811
658100,646467.435246177
255500,296561.67057174444
525000,409347.61521589756
531000,538931.547528483
290256,355403.4725217894
440000,557691.7535725981
343000,364642.886945799
700000,384850.21722471714
450000,521644.59541356564
189950,31127.108853124082
620000,621815.2424890473
2450000,1475122.4766845629
399950,474642.3587659374
470000,628378.0216564387
416000,422273.29379065335
244500,255836.55794493854
305000,412128.894609198
1270000,1229246.978092976
1040000,1079620.7916315943
482000,443228.0459435135
619500,484759.911674045
390000,381945.4024190977
740000,681611.7878218144
469000,521782.0500912294
975000,817623.5609781742
315000,179566.3955160454
549000,652048.8305586576
450000,488243.98104596883
870000,1018621.956843242
180000,165168.02881807834
329000,285964.3073273897
1210000,1446822.0268596187
1350000,1021664.3426189423
520000,550001.5110131502
913888,650966.895752795
369000,339078.18982524425
467500,241027.66238713264
815000,514442.6346623078
780000,940223.9564516544
289000,264505.27816158533
2400000,1244090.6644780561
796500,825045.353788428
860000,906734.1339897737
951250,821920.6142919213
619000,679158.005113095
850000,651795.9668193087
675000,588705.2073128223
405000,601925.5611520782
355000,266356.44203624874
344950,519601.00649446994
450000,551568.94399672
775000,869384.3034338951
295000,327300.97395244986
378000,247849.3693016842
264250,215475.31562688202
280000,146927.81776022166
210500,177892.27082397044
461100,403328.6540115699
345000,226029.9042826146
400000,378210.0117217824
215000,177974.13623929024
498000,517317.0835521519
319000,325796.3450875282
690000,461554.8469255492
425000,389453.8732694164
375500,550813.0414742455
350000,511645.270859614
330000,569489.7961632535
477000,395611.9758839682
549000,560843.6980039701
440000,307563.8678552881
150550,283864.5381646082
610000,690983.4607485086
579950,477320.70820390433
368500,374288.40138127655
210000,308114.623141177
275000,275933.50371962786
436000,421302.7368809208
1110000,528371.5928962007
570000,666818.5857426971
1370000,1146162.0594740212
520000,738307.3807113543
386000,366799.3010904342
241000,204447.1255564019
340000,536298.2254295945
382500,451428.7750749439
1200000,1186279.3457587808
727500,431991.76064962894
300000,352034.58261206
2300000,1204842.9717853144
687500,906390.5765975267
274900,157892.8882475719
630000,614048.614883393
575000,567867.0217048153
325000,518736.80638597906
445000,479516.0054054484
428000,463372.29416622967
346000,202610.36694877595
1680000,1489425.9350764975
544300,431217.47915332764
271500,267054.443970412
420000,340526.77743293345
467000,435053.52836607397
405000,396220.8318088725
742500,924738.4530804083
397000,368722.08372180164
525000,525802.7692990303
604000,574234.1666147187
492000,694802.2684574053
490000,1186345.483254671
299000,541801.7697659209
225000,310484.8045381829
375000,486228.32034137845
598500,858512.2503545433
335000,381353.4745042026
500000,677199.600377515
359782,383107.0553403646
301000,412174.6852911413
565000,492290.0745541826
335000,552991.7337044552
402000,333389.45771006495
605000,747946.729992345
639000,618403.3223435655
326100,290557.6310513094
290000,388783.90282692015
812000,804040.4197197929
279000,206469.5776752606
410000,457616.28059977293
495000,557791.2290324047
329922,417482.56700412184
495000,547047.7175271288
452000,729991.7522929609
592000,619433.5921926424
744500,659620.1801356226
390000,472857.74364630133
740000,826045.6519161165
502000,501777.65941476077
575000,561028.1539777666
850000,1021350.3764778823
510000,409515.5476600453
675000,353768.44010588527
565000,510321.0887639597
408000,484248.98072463274
243000,321980.1593703553
624500,621958.2711310983
415000,354258.0376345664
313500,421688.4040713459
349900,484528.6537064463
572500,511503.83110361546
765000,619574.4312294349
2000000,1738082.114285849
590000,672384.3661564589
635000,777844.824140273
370000,386797.15441627055
400000,887513.632590957
525000,424176.2084725499
192500,166306.31632793695
430000,305977.65434052795
234550,370299.88665325195
334990,443291.577032052
469000,393586.7066933438
369000,364710.8553205952
625000,693884.5282032564
535000,909286.6791862473
540000,485348.10900750756
650000,396856.8547178209
325000,513982.66247761995
475000,651617.8240379393
400000,387029.3320022598
239000,169984.672817491
649000,760347.164582558
907000,729971.7090827152
979500,1174807.3812630475
972000,818840.9583224803
1140000,1437364.6085000336
211000,324032.3070896566
220000,244076.53485696763
383000,439762.3452599868
824000,900266.0575270429
325000,304193.55747457594
531155,568672.3181613833
583000,513688.3203337416
235500,199681.6090829149
179900,-45854.29698719084
372977,339293.33320203424
750000,865970.8019074127
425000,254390.43453244865
369950,539130.2570325807
775000,615279.2875660807
317500,396082.5440200716
309950,124142.26210347563
667500,739784.9786705971
2450000,1391209.9007572755
399000,410692.27506677806
554000,623019.615169026
1650000,1433354.7673325837
475000,535451.3900872618
385000,512169.8378242776
710000,511633.29600292444
950000,1090924.5026084557
345000,465638.3363757059
440000,593438.4789131433
416000,395549.25846815854
207000,153567.23826166987
435000,372429.44398819655
409500,565171.0922101587
190000,137150.72663733363
190000,74829.24343076348
562100,515516.06139309704
440000,596444.2983626202
250000,295602.6385258734
490000,902538.5782394856
942500,1002320.4289737567
450000,523599.53630068153
810000,1053329.608155392
350000,345569.1321835965
765000,771176.9867455587
430760,411610.63357973844
1730000,1055600.1023918241
331000,346241.19984374195
445000,502601.3792343363
275000,282651.2974576503
635000,693010.6803391278
436000,643931.0265006348
330000,454656.5153121948
568000,454488.05067794025
719950,794990.1229286566
594950,558683.1436182484
250000,124913.38295148313
250000,281823.43855695426
315000,356641.0205729008
220000,220821.28200338036
524000,380184.9317883104
207000,255519.61700598896
772500,855631.0660328269
300000,199435.63682620227
698000,557208.8233800977
425000,396487.1639773324
217000,168637.77291366458
224950,172699.93294516206
260000,249599.94816819578
643500,659102.8397234008
245000,270269.00161419064
355000,543313.1406076849
280000,361169.9183033854
280000,438227.23658014834
869000,1188240.0073561892
287000,400750.8726834953
497300,784917.040068604
860000,703745.9323628619
601000,528226.930062063
185000,353777.38373687863
307300,413651.58157321066
344000,393586.2540039271
280000,124189.74674608558
275000,434589.4782586917
253000,189134.09176887572
610000,970587.6540907398
441000,486796.6961122453
469900,729643.519437708
115000,172246.51661244035
375000,534979.0613961667
554820,813523.4107486457
525000,546865.1739722863
390000,535959.8916341662
1330000,929712.2524838671
590000,504802.6764366999
679950,769181.5862351432
160000,55586.01098154485
381000,199476.0077335462
152000,108213.87506559491
495000,481998.97634053975
640000,696266.3618387803
220000,212274.54932890087
249950,252620.97917759418
465000,597516.4941380769
224500,77557.43251612782
849000,971339.2799080759
385000,309445.8727783337
199000,138544.22086637467
495000,456032.83007128537
545000,977013.2505240887
320000,331783.48959804326
300000,262519.0052144006
199950,43768.84636773169
270000,225768.84923345596
269000,375815.2488229796
430000,568812.1494402289
401500,448837.9813637212
560000,863305.6848157421
337000,434709.01290912926
815000,601600.2947011441
160000,208002.33489581943
835000,931391.815763399
297000,350830.0729316175
625000,593711.4504601657
340000,445244.7155638784
568500,527912.5631769896
309000,336355.3696554825
295000,366821.36669983715
224000,229832.51422281563
418000,343084.1364305541
685000,605205.2689381912
539950,384735.8765617758
635000,496726.8483072445
1000000,842610.053431116
725000,848217.2482014745
294950,409932.09696149826
525000,539367.56248229
200000,161805.75188937038
499950,360438.87714342773
234000,236584.29082322866
850000,760838.8805250451
420000,389428.3702933118
389250,359272.05996946245
399000,661562.2674818784
328000,409932.1911783442
1110000,759377.2105421871
415000,467660.9357356131
317500,376708.57958907634
733000,745647.7922951505
440000,498651.22759408504
435000,560801.908743307
805000,820516.506925121
618000,518556.5810657665
260000,401553.58963342756
436000,376229.8024650365
500000,615866.2957603559
921800,889184.0206882581
500000,714242.4989987165
150000,236701.62805960327
384000,444156.94817952067
266500,237103.84033118933
325000,308461.2714386806
810000,1142429.8217372522
655000,728501.4514345601
233000,409085.20589251816
450000,453496.17262940854
575550,565846.16405835
253000,296749.87996486574
466950,355522.23943240196
570000,627603.3524742424
176000,135346.95678777993
445950,456967.1776205003
450000,394321.59743480384
711000,755594.3988740444
345000,205050.36707016826
325000,398986.81074279547
335000,403106.156650044
548000,956074.2669352293
120000,-147583.46416190267
319990,353240.71169032156
320000,408574.07822979987
1540000,1008564.8952732831
580000,692418.6045821235
749400,1010678.9214961007
570000,576893.7019512132
415000,534600.1863676459
315000,86907.10050863773
405000,621550.8558043763
820000,646935.2190877944
703011,657041.7955933884
563500,415153.47773148865
380000,470426.94772978127
250000,141315.24185554683
565000,669696.972991921
298450,280584.0868894756
119900,103088.70865514874
1320000,1289862.027910754
261500,235230.85329687595
403250,513124.97692290694
325000,241883.74640791118
499990,482088.5811356306
335000,463954.90837406367
546500,550450.6151541993
520500,564848.5279572085
295000,255644.9418816939
630000,583062.9813190475
356200,604761.5594413728
193500,263873.4114561677
540000,658699.1880767345
542000,586496.8631824255
175000,247769.8031759709
600000,1024138.310323365
1660000,1296945.7987082675
235000,213451.78451371193
305000,252502.7841721028
900000,825792.1563095227
445000,587335.9443307668
1100000,854532.5306070745
585000,666633.3248605281
541000,399659.1708915606
199950,318973.96327037364
253000,220567.84558349103
527000,700052.0701996759
500000,607127.9126188904
580000,682620.8611981347
510000,424699.3998300135
885000,1036717.4764942825
845000,878056.5017122552
1430000,913122.8621704206
266750,248256.8150613606
455000,445119.3430515826
669500,656765.627122961
464950,312938.76598072797
344950,367361.66923155636
262000,269057.28630206734
430000,454101.38995116204
368000,528715.0184614956
230000,398301.3868826479
650000,556941.5189455599
890000,646079.1715666428
297950,263814.55909302086
380000,617450.3866112903
620000,558266.3349759281
199999,77065.66789529473
590000,544698.2767885476
486940,639615.1308415085
590000,584542.8421017304
240000,133119.12720600516
269950,321147.5314370394
253000,221750.33129554987
564800,481087.4102628678
254000,187121.82567617297
245000,214375.9380981326
690000,680313.5334883854
899950,899231.0081102699
739000,1170443.5514029264
270000,152150.3047079146
1200000,1331979.4111258015
700000,586480.1189695001
604000,628843.3227872401
845000,821758.5291123241
353000,182990.7961499244
520000,876874.6364938393
306000,248460.83175811917
507000,254094.36261574924
678940,760906.9152199328
270000,188884.62964764982
374000,356709.5077820942
630000,683038.7349795923
700000,973886.992543295
483500,673878.0994847417
365000,329618.8696712479
209950,84883.77181373537
770000,489824.5781382546
300000,451258.0137383342
850000,791734.1259446591
400000,374739.21165887266
794154,696490.1962127537
635000,528539.0599761307
438000,444076.9388989359
1400000,1338361.0028868318
635000,674822.740325287
650000,773778.4709894806
660000,863027.2470463812
650000,640561.2211645618
1300000,1176620.731495589
835000,833932.2962192744
295000,272602.4763398841
1820000,1719447.4123629332
318000,344288.4115911722
315000,310260.01275368035
287000,345658.4216097221
1260000,885708.0171670765
453500,525381.1583870724
429000,448872.13497862965
359000,397000.5720854774
572500,713427.7588395402
330600,497253.6015656963
325000,282563.53482450545
260000,211209.36441110075
475000,640771.7969305441
561000,485184.77400538325
625000,602701.5166942924
325000,240743.49652141333
370000,441082.16464579105
300000,378655.22895849496
228000,328213.3435176611
765000,930772.2918393463
520000,284017.83908668905
735000,704622.4519488364
399000,579326.0362634137
402000,492369.37121928483
543000,580411.2279092968
625000,643931.1614672318
249900,299221.32602532953
209000,205921.31110415608
490000,515506.9945561886
1680000,1416107.5002333447
164000,85650.51204369217
300000,327295.61975011975
1880000,1148942.0953821763
148226,178360.61576019228
319000,367239.90827673674
560000,490322.54651189595
456500,508669.3772100508
205000,113582.77887641639
749950,786245.3962100148
1750000,973464.3503781855
330000,369873.6245134473
865000,1009824.6487182304
969000,993923.2004437596
899900,591917.5230991468
264000,257900.3485718444
457500,478295.70115827024
572000,443566.07440286875
3100000,1965881.9406733066
443750,325438.72262405604
308000,278347.01665106416
502000,380007.9021811709
167000,367721.2041071877
325000,232974.6895206794
355000,388811.1462835744
765000,817745.9956439435
358000,226982.56157279015
299000,347704.04039599
560000,652091.6686964259
399000,194335.64024265856
399950,399360.84928964823
207950,289216.00477001816
335000,599063.6377338618
310000,108258.82443539798
405000,484778.83873379976
190000,375875.64290721714
435000,520320.2541175112
1650000,924433.8888666779
480000,518863.53619184345
399888,591355.1548598111
429000,322066.7704683319
341000,422326.8399349451
250000,328310.9989774674
428000,421767.02001772076
353500,248068.42036278546
199990,27350.5237268731
253779,289323.4741596207
175000,231389.01181621104
1570000,877013.8264647275
535000,617990.1433286145
475000,585231.8018502817
200000,236981.49756027013
325000,478621.80656835437
455000,745153.4208978638
315000,217111.9241629988
640000,1013237.8489550427
378500,644336.2266973108
322500,345180.1137497276
540000,490705.8353153914
476500,362019.1374416575
437000,571600.8403329924
415000,703016.7645919845
190000,248938.33561963588
275000,253704.80736763775
384200,564357.9134973288
710000,521176.18128718436
216000,82219.19483064115
445500,553540.5832180157
753000,726447.1568046659
857326,987697.5092353001
429000,487292.77142196894
453000,265478.76572301984
645000,642318.3362031877
200000,104061.29507161677
315000,369309.1990716979
280000,269014.38186929375
565000,73610.29212292284
400000,428852.4430745542
300000,372298.5324800536
335000,319934.70105368644
335000,178564.5362702757
627000,467681.82992541045
450000,382733.22060117126
1680000,1513193.403807886
339995,276832.41811264306
989000,1199349.4734907597
489950,745939.7143741548
217000,251413.1070420146
337500,207426.83362210542
373000,489894.6158589348
526500,600819.9364139065
390000,486183.3939748034
630000,654991.8603410199
521900,708205.0693257004
468000,438437.2681041211
825000,873117.8777198866
199500,101682.5703285858
444950,602075.6113736331
810000,723852.2869845107
610000,821176.4583559334
518500,505217.83772785217
582000,577038.3166877404
542000,353489.67401818186
525000,428794.3173950091
644500,656393.0480674133
231500,370505.257051751
307000,265636.38754308224
272000,157165.95346222073
265000,150768.59474121034
898000,966006.0238861665
650000,513709.4679593742
222000,274129.90652973205
370000,637742.1062292382
613000,326180.3355483562
1450000,1156009.6144096926
1700000,1348147.1019271389
160000,252450.19743750244
1210000,815381.4930393547
383000,358739.1675399393
437000,557269.0186398178
387500,656605.4918765202
371025,429255.72100144625
440000,210272.18470536172
270000,331376.5354111716
200500,231734.1421817094
459500,450827.0548487082
450000,392707.2406165749
500000,658175.0818698704
749995,950461.1118608415
903000,318246.2473456636
563500,804063.0677981675
835000,819368.3639855534
785000,716398.3108239546
900000,389902.8269626573
151600,130473.2222295478
810000,776115.9832846299
620000,630388.1315047294
357562,271707.7564724609
336000,410117.4829219803
481000,426177.29480063915
577500,698756.0123266727
940000,816997.9192022309
663000,521029.0556481704
234000,200824.02203574777
875000,1019889.1934237182
561500,569893.9405969083
209950,96445.26201751828
567000,775407.7834427878
213000,200827.3352729529
730000,751690.1655111611
324000,395530.748068966
400000,363904.27269952
399895,488730.57514405996
999000,1128772.7613415942
406550,477893.5564433187
335000,468215.7624984905
751000,836830.7843443602
576000,593858.8282600194
290000,533764.9962840602
800000,790695.7146238312
455000,603070.1886019409
215000,334335.00517092645
480000,896446.564999938
279950,199920.73843792826
269950,359458.9403681308
1520000,1414024.9291863218
295000,329214.9208890274
187000,129629.52198632807
190000,150914.56023264676
449000,536008.4888425767
700000,559753.5993807167
390000,435549.8819351867
348500,404307.93211919814
146000,-14824.051972910762
1220000,1145302.2285831645
462600,524957.9187470153
155000,162502.75310473144
195000,131131.04200063646
1390000,1135155.645065084
269950,305368.4528688416
476000,372545.6161960736
376000,420658.4076203108
300000,327764.20622407645
309900,271757.84524431825
1640000,1164969.8352155834
245000,376416.01326692104
288400,313909.37706130743
355000,327487.1836996898
375000,565336.8508892283
536000,358222.98903797567
355000,530307.9881371185
190500,135228.64036605507
312000,498903.19074543566
550000,454367.85088775307
1410000,1230967.5809419155
107000,98018.06665624678
289950,410722.6860887334
700000,739607.0978688225
234000,151633.24894631654
450000,426627.96891979873
342000,282755.1442902386
275000,430961.4992641434
340000,422671.80619800836
365000,400774.0522004515
390000,448337.16943870485
375000,430649.9248413965
420000,295769.12274867296
268000,222352.1639341712
290000,457569.0289857164
495000,791100.5028515458
1250000,1329938.1804571599
582000,441250.83314575255
544500,486200.1274191737
412000,450721.8500672579
199000,143643.8285657987
501000,526510.2108631358
562000,719599.9455621913
500000,528017.6875436902
365000,297737.4219785854
1150000,1145827.4131177962
575000,570935.9377254844
615000,494128.8073316738
359000,425691.39275464416
174950,84012.04403062165
880000,788346.9377622381
225000,164040.73130981624
462500,478130.3769493401
267000,148098.95746728033
700000,501245.9732595533
595000,592859.9352656677
431000,521234.77245262265
390000,449495.8707859516
415000,441725.1827022657
300000,287079.22980134934
415000,481364.827250883
552500,506620.55936869234
425000,279639.78476110846
955000,575569.3837207928
725000,295941.7035218328
940000,903331.7371226102
345000,419949.5282442495
885000,877802.6706005111
1410000,1260172.665346779
299800,235792.29170439392
543000,565189.1498534605
370000,497498.6801252663
550000,422058.4877019599
353000,325393.96203837544
372500,347234.9288588241
835100,783748.9532882497
552000,408259.5149619058
270000,411122.12427767366
379950,372510.4046871066
417500,414089.0002459958
882990,971364.8902508691
255000,163827.32273631543
730000,1059798.9835869893
222000,27463.31502094865
359950,284995.35409638286
310000,258101.22753260285
527000,645791.6409409866
447000,432790.5863555372
325000,236705.2707059458
610000,631110.5689325854
800000,788047.3208409846
239300,244745.31609374285
248000,250266.55996013433
405000,400673.2411035225
240000,300846.68531589955
360000,300009.3850281313
1420000,1285664.0600806773
349950,381137.7562815398
650000,625233.7788526043
379950,280251.24869817495
435000,595188.9876613691
512500,569169.3165054768
350000,449934.8869537711
459500,371437.2091191858
508000,325115.57933754474
511555,374148.3252746314
675000,781885.1609900817
409000,365514.3743995428
283000,355796.27192427963
375000,575960.8269040883
549000,530981.4608616307
487250,588022.5871879235
680000,793404.7490457222
221000,364085.3713982105
270000,132242.94764474034
377500,211573.60280624777
339000,228650.205725424
411000,439894.9585745707
749000,818298.7244157642
195000,394478.30518149585
661254,692890.2437156662
299500,350838.82242278755
474950,476687.1139151603
261000,324285.6548081115
395000,351984.6990944445
534950,598682.1721110567
303210,257211.92627423257
557865,797669.9582551792
275000,347484.91429901123
1500000,1011381.8338623643
530000,648835.2040415332
380000,416608.4842919037
298500,462577.32584434
216180,191931.39349850267
276000,331733.2707708925
399950,368753.7229145542
950000,1199586.9107974768
481000,553745.0511346832
622500,598250.339078024
585000,709559.9567437246
320000,233179.2565387264
385000,578314.0778108314
530000,500898.0783961639
215000,356141.7083450258
279000,296563.2918615341
830000,764712.8097475544
640000,706298.9868954048
3420000,1466838.1013821661
379000,448916.35461548716
296500,484221.30435600877
271310,264544.53360595554
731000,752318.307328403
710000,558296.2059102207
485000,272152.7552754134
840000,1111132.4983714223
411000,627328.4211697131
620000,300688.10292916
661500,530218.616471678
647500,527962.9138833955
600000,547104.1703176573
362500,422757.9657842964
287500,476253.2449224293
747500,744315.6677963585
336000,637632.0318064764
2730000,2080556.4288915843
600000,568982.1523020715
795000,568778.4759319872
200000,219332.4071693048
661000,554319.5093982592
625000,1231166.2600745335
990000,834288.0396461487
465000,410739.4174442962
440000,388793.4979813248
350000,456428.61054144055
244615,311612.162109673
255000,327617.3438353613
509000,784381.7468431145
360000,223369.86222708225
387500,293030.2039980665
549900,332809.28969772905
282500,308567.19107198715
340000,353890.3202477023
463000,531667.6971991509
292000,364571.1599210501
419990,340111.8794937283
460500,362195.8271577209
613000,539658.229575552
290000,308059.3962620273
630000,742504.3276458308
389950,597145.3597149327
849900,558861.2503783554
260000,233151.65710115433
1740000,1570541.7448699996
195000,182127.40471748263
800000,647834.9834203124
257000,426876.3920177445
225000,75762.04620994627
585000,337564.09219259024
375000,556038.516103588
416286,433520.54298970103
329000,441794.66399199516
1260000,758403.5119204074
800000,639093.5570431724
485000,685937.1369340345
800000,830441.4687396958
649950,510791.3326501921
540000,445981.76149715483
742000,830455.7441207469
1100000,590025.1386613697
505000,637914.4571758583
625000,812618.3328542486
525000,365108.1440631151
1400000,1034902.0312743261
445000,316858.01396641135
199400,290185.00759170204
489950,557235.2739303783
385000,656016.0761768073
725000,656414.1745723188
320000,402119.8139378056
372500,394136.4706434533
315450,442701.1343636885
874150,1117355.0551284775
299000,300375.5818765387
580000,707876.7126032636
1150000,510360.7562623471
493000,525815.7473650724
910000,1052363.612650901
796000,686084.2190963477
299950,615949.6121878251
529950,545923.6246459708
425000,247039.46912584454
552000,648480.9254524782
497000,678756.3398235813
368000,471004.27086850256
395000,503490.69861127436
235000,287622.9585439563
1240000,1074307.7049875036
289659,377974.9968395084
736500,909213.68508479
650000,713962.8599205017
360000,708060.9155889824
353000,366324.4411621392
362000,366156.4285662547
281000,312806.4825052321
285000,427162.21907451004
398500,552270.9925525188
535000,519482.28281980753
475000,604226.433191672
305000,348852.48723141104
812500,769349.6929443926
387000,226967.7110607177
315000,395597.48541455716
338150,384941.3237304166
1300000,641931.0821566954
630000,587376.5287896618
284000,284401.75063290447
847093,773014.5686371028
313000,268186.03288631886
392000,201170.47956746817
725000,736690.2673704624
295000,342057.60673425347
289950,245867.7563593909
800000,768025.5311758444
230000,66522.65405501425
445434,474421.0180028379
397500,510434.5072375238
549000,484797.97942350805
425000,439123.1499500647
750000,768988.1825339347
230000,161817.50800145417
465000,504370.8484234363
851000,872625.3920788094
866800,907250.9104710147
1600000,1081570.1624625325
226500,170291.20233168453
789000,1097471.7825774401
302000,364564.3892650008
742000,538993.6572853774
205000,354245.55452192575
625000,510787.54123833776
275000,156086.24931691587
558000,536963.688611418
784000,997747.2958725095
165000,181381.222035639
550000,417008.31986929476
523000,790742.2548924088
3280000,2369730.334467329
583500,425245.7234582752
450000,437262.37181182206
695000,550620.9033041745
1760000,955607.174713999
735000,788023.089081563
660000,476420.1326490715
550000,876269.7805129588
195000,26922.57275430113
234000,161505.6355002001
424000,359641.47326322645
349170,417308.9278738275
760000,817413.209462136
324950,397864.03111168
397500,489205.3907608539
600000,665880.4431807101
287000,470042.8078998625
615000,551783.3691391796
400000,611121.0269002095
1750000,1230999.265092887
207000,322603.31959320605
900000,1056569.8386228532
324950,401985.78209178895
460000,449721.7822145298
706000,582341.2868664712
1700000,1419824.0963451639
345000,451962.9979772046
699850,730682.6108399928
1150000,845040.7588532567
541000,528966.924177058
265900,176120.30582089722
360000,484617.7003278658
860000,1072953.9043070003
320000,428529.6700327471
169000,364198.3190246895
459900,565965.1780447736
207000,287936.5983711481
1140000,955675.282642901
480000,735924.6908942163
365000,491751.79250235856
355000,520894.43960793316
484950,587276.1329319701
389999,223648.6336311847
495000,503457.633494921
2110000,934177.9570826292
306000,366864.7159713134
685000,734029.0865649283
218000,203894.56050269306
368000,450295.70134919137
235000,330860.59803878516
374950,364332.3424452096
565000,715698.2110651657
355000,375940.49330198765
433000,371816.67112903297
738500,579256.6558188722
925850,849220.0207341239
245000,183994.3685907051
1600000,1015891.021012187
667000,633964.1529555097
839900,884953.9633776322
450000,482354.2851617709
174500,191286.67078579217
305000,205135.4646544829
456700,723597.8539858535
562500,639263.7089895085
346290,387529.62978167087
380000,374450.0529618636
415000,481563.11307194084
332000,528613.4161593318
225000,293360.6754272431
990000,767607.1843212545
330000,249836.08956135064
435000,628547.3088570014
539950,493003.3473796025
580000,540058.1324592531
950000,812524.8889868185
265000,249057.06417922676
495000,544322.8473476842
712500,547028.3116045222
630000,642238.039585717
707900,575551.0864487663
412500,399185.4958763048
316000,191318.26919138432
1160000,1246396.9628302678
400000,408287.9839189723
1060000,1372191.9251236916
345000,419308.34028995037
379880,277054.82912955433
379500,213488.1711588353
324950,308367.4909924418
500000,795209.1433099359
220000,358153.04631280154
460000,490595.1301996857
545000,594391.7202199176
270000,355464.39617506415
235000,154135.3636816591
1470000,1277264.0565812811
372000,461676.487743862
1100000,1047189.5914750993
737000,607052.9832575917
1340000,1235767.2936870158
790000,925915.4713962451
375000,416716.7957254946
470000,512011.5929034576
530000,681315.5524970219
545000,520202.63077159226
185000,67651.24705990404
260000,290598.18862083554
445000,381042.52798597515
1120000,1320438.061183259
640000,264983.98379285634
760005,765963.9884124026
255000,118548.78773018718
1060000,716586.8271795288
197000,124150.68849767
599950,704150.6733872816
245000,178807.84480907023
1990000,1046140.7875544056
615000,510894.0274253264
540000,706506.5138293728
450000,705341.1763364449
2130000,1247013.1871651784
410000,381749.33825211227
950000,917648.6223223358
305000,259425.53610486537
500000,463893.3305885494
206000,162575.48642608523
705000,771009.2448771745
838400,777772.6091687009
840000,770712.4303525314
285000,333434.53422092646
342000,454584.3416242972
581000,448993.6906978041
895000,1030725.2944766954
400000,622586.4209250286
500000,628180.5218560845
735000,793060.3924875706
608250,651345.0022305027
669000,498205.9958772883
313000,258848.14856713265
550000,436108.7403269559
453000,343483.42644557357
1100000,871581.6000212133
549000,524676.624643378
356000,349349.5754572451
390000,349714.1783164963
280000,289397.2326697707
669888,681082.9103757367
319450,423167.53271865845
265000,317736.4177171886
335000,140740.4877186939
205000,162199.7114308253
960000,1023595.2879478857
511000,753450.618394807
385000,352012.63124857843
659000,631580.4763631299
285000,385934.52470547706
446000,353512.80929327756
349000,457627.1569088772
360000,334882.9835887328
475000,475382.45094041526
510000,380172.2579536289
905000,801282.3302644268
325000,302260.6355228275
1100000,1345735.8442840353
315000,636871.920246534
274000,475556.6922086701
270000,91203.77586712688
375000,363198.57268604636
724950,760422.1483711228
605000,633880.6669052541
306000,296126.347759828
378500,409699.2180935219
920000,718065.8400644064
549000,618617.8479025364
1330000,835618.0996051803
1100000,1124206.9340442866
283200,341023.9309784919
5570000,2300117.671503328
465000,572137.9703878164
499950,683682.3603222296
780000,872786.8863334954
299950,345235.52837047726
1490000,1743693.4341700673
1000000,659958.2548693568
119500,155517.8330702111
506000,700354.0299599171
1300000,1179996.7407560647
270000,243674.37385171652
375000,466853.09933683276
558000,735383.6732660383
459950,663964.7181816846
265950,178729.1350114867
550000,832484.037393786
930000,1023978.9197230339
350000,160947.9056884423
260000,319374.12172230333
2580000,1505052.8733414337
385000,611204.9119034484
1620000,1021816.7302950919
445000,580192.7736243457
375000,382588.33722067624
820000,969973.1970395222
402200,440137.7419587448
915000,396750.783946082
246000,254210.69473542273
235000,101606.53983861953
725000,722992.5024223179
375000,433316.55423321575
242000,374095.88891513646
429950,542732.0543726385
890000,767548.5978129581
258900,239174.4804836735
695000,954113.7107841596
510000,489161.2433553934
574000,703946.2051248848
525000,595203.6472520381
455000,637177.5798417404
751000,954274.2973585278
469000,312180.86052600294
404950,405601.28071919084
1050000,1019281.4535347149
394950,353206.2279270664
155000,178439.6511200741
522500,451171.71305552125
530000,655506.0252103806
496500,418410.8834089264
340000,415889.4017589018
352500,394710.49836633354
385000,383882.70180903375
110000,57185.162324883044
375000,356949.6948638782
635000,502667.2557106465
919204,919171.4410265759
770000,451819.5902112499
1580000,1469381.1840102077
770000,929444.4971177131
478000,402460.6557994336
250000,139489.43956349045
355000,189060.87390969694
370000,214775.48051365465
775000,799571.1183992103
343000,405439.0530204624
1140000,782994.2105313092
370000,748893.0596984848
567035,635410.7521405146
520000,528692.9644309357
570000,792602.6669965684
540000,741302.4575547948
206990,68347.27489544451
535000,407728.75569393486
331292,432625.7777787596
280000,233584.4964101836
384000,268220.12140385807
640000,737939.9928326234
689000,517314.4920487255
464000,517663.1862500608
159075,202574.52937744558
355000,437074.0526564419
453246,394607.0959462151
330000,493870.74527222663
465000,516752.7479375228
326000,388706.1993812993
459000,408514.1794163808
885250,975667.772433415
215000,285451.98425965756
575000,681489.8647025749
300000,327555.61318318546
455000,484300.93117144704
1770000,1624290.0499812514
375000,564334.4336744472
395000,306672.8165564388
599000,603693.189486213
469775,498756.1340841949
359000,552033.7542400956
1160000,1524587.223370418
565000,499216.92623864114
751305,794118.6326149479
299950,234416.04172808677
293000,756509.3269008622
475000,483721.79835525155
546200,826347.0231594592
432500,490944.1010225192
540000,512627.20508521795
479950,500761.09182201326
246500,211138.26708352566
452000,384214.2827606648
535000,613569.5190845653
310000,251819.765619345
1740000,974383.4763632417
650000,611068.0933571234
955990,936229.0826555118
942000,1054243.3526851907
632500,734177.245475702
255000,386890.1895656511
602500,692912.8773183078
183000,182654.004989855
538000,622886.5418353602
589000,624428.1045746952
600000,490197.2277769819
356500,403453.8064853698
533000,399131.3550372869
660000,824566.5981867164
660500,740800.2851420417
165000,176251.9324086532
325000,487162.8945717439
1140000,1717368.5184038281
302000,400323.4190146625
487000,649518.8683927655
441000,242916.24524385482
633000,963199.9956622124
785000,836741.040563032
385000,401750.6172243953
123000,131986.73869404942
1110000,1082370.1807355806
612000,665004.0139238462
715000,706666.9422932938
379950,427292.83826233447
370000,344172.4244573787
1230000,900301.5068823844
543000,372344.8702125326
299500,355362.55518627167
467000,535348.6888931692
615000,597950.6146484241
390000,243189.5054660365
305000,408463.080478847
220000,136013.6256633848
320000,312735.9785801545
374000,417394.63357520103
430000,399628.6779645309
562100,599550.5578022003
259950,313334.1277553886
287000,236709.5972951427
240000,179427.25760114193
177500,242148.0778883025
345000,547421.0324018523
250000,418639.82040620595
298000,213739.00061371922
465000,375787.07204388827
950000,946520.6012574732
440000,479901.9161141589
375000,422923.5431750119
830000,850651.0950749442
521000,473209.9116913825
365000,352862.0257696882
444000,471385.0200703144
312000,266031.102342844
865000,510984.48263224214
680000,797981.4014560878
278000,237491.38992249966
575000,363854.30069655925
650000,756659.7495500967
253000,81098.28467281163
670000,725149.7506710216
380000,248251.66263198853
475000,718322.2516545355
487000,465591.6707510203
427000,335972.6738323495
488500,478030.1611453369
700000,784120.6089213118
430000,593896.8974898979
790000,901348.7733099982
350000,490036.3941386491
900000,862637.193760775
950000,917848.3266654983
280000,311820.7407853976
853505,1038337.2495352849
292000,286133.3060277179
425500,567977.076003626
842500,859593.2510880455
199000,427159.4703699574
565000,720044.9928575084
625000,501122.41034985334
389000,323428.86393202096
437500,582297.3897136599
545000,641970.3523240611
468000,518786.4674170315
390000,471418.2332574576
339950,500483.0063552037
900000,1077540.5590030402
624000,614324.3061565831
770000,837534.0216000229
685000,477284.85557584465
379000,349733.9838842526
410000,533211.5192608461
295000,161198.33933626115
409000,296893.323377423
245000,204752.0380835235
267500,204462.4973623678
315000,489449.7957933098
1150000,1268873.2351901606
255000,218899.00530681014
170000,41795.03470541537
848750,759038.4771802798
356700,332254.48864712566
476000,570999.8616738543
381000,517629.1304354891
592350,469429.6798265055
525000,616679.9756894782
1570000,791452.8529461697
722000,782949.53848923
1220000,842185.661780931
230000,261142.58008333296
774950,738083.6691651568
800000,664244.9829676524
319950,433217.8329852298
397000,375636.83667977154
329000,523069.6851266697
222400,70040.2353746444
1000000,1540822.0697328448
345000,340663.5855103284
315000,354479.3123053014
492450,373135.42659176886
845000,842245.4684833735
295000,180347.0229266435
377500,538671.1093426272
238000,445994.24365179986
985000,1283855.437625073
400000,484033.7283742726
234999,163588.75854077935
206000,33089.4915830791
510000,659893.4795354754
275000,263807.09615074843
972000,1153353.9634054527
620000,1081653.8094657287
330000,372301.8109635487
402500,433548.86065399647
285000,195328.3003456816
260000,296504.0774924606
225000,72511.53807804734
245000,175695.9345060438
458000,847055.984611012
462000,672353.5253896266
863000,1082483.2336739227
535000,526202.0743924081
237500,262356.2522968352
239900,18381.06931937486
950000,904924.2875348404
513000,484207.9850650579
430000,418307.6474721879
300000,443503.11221046746
355000,464852.9082566649
800000,1251992.222966522
550000,513231.84340860695
1540000,1282467.9330840856
273148,293345.26162186265
351000,363621.2144091055
861990,865187.9385417476
325000,335025.7875639349
210000,262053.72762612253
272000,221594.91807550937
400000,385288.86960195005
156000,119871.88989134133
750000,838905.2302853689
394475,227751.3020901829
509950,465906.4646351412
553000,786836.9107623994
790000,707739.1844040826
575000,768085.5563920513
718000,402265.7611589581
430000,320903.42140324414
775000,902542.5507052466
664000,650094.3119664714
300000,591033.1800277904
299000,259004.42227654904
199950,80676.85591410846
599950,652302.4821226224
187300,203781.33061624318
592500,549225.5609215647
554600,646272.5438721627
690000,676777.4101151302
1430000,1050569.9176121205
615000,514295.74312755466
575000,494967.65222591907
479200,501923.36536120623
289275,784736.8928031251
139000,71372.27641611546
508000,641975.9312137887
388000,388216.77077452093
209977,300879.348886624
609850,673358.0814931095
315000,253169.64205549657
379950,431964.22268261015
319950,454041.46387661994
875000,984332.1279563829
253905,244324.09847833216
500000,372301.87615673244
287000,324246.4537478462
335000,207861.56002911925
358803,398341.4424437955
192500,264104.1059207022
550000,591606.3620579913
695000,716454.8053921685
695000,776618.2051429525
448000,541990.3288758919
2530000,1844632.6194198057
